id,fecha_generacion,juego,numeros,sorteo_objetivo,estado,aciertos,score_afinidad,hora_dia,algoritmo,nota_especial,fecha_lanzamiento
1768622690,2026-01-17 00:47:31,LOTO,"[6, 7, 10, 17, 29, 34]",5375,PENDIENTE,0,5.95,0,oraculo_neural_v3,NORMAL,18/01/2026 21:00
1768622730,2026-01-17 00:47:31,LOTO3,"[0, 7, 9]",23998,AUDITADO,1,10.0,0,oraculo_neural_v4,NORMAL,17/01/2026 14:00
1768625737,2026-01-17 01:36:28,RACHA,"[1, 4, 5, 6, 7, 8, 12, 16, 17, 19]",10301,AUDITADO,4,15.0,1,oraculo_neural_v3,NORMAL,17/01/2026 15:00
1768617731,2026-01-16 23:40:30,LOTO,"[5, 8, 11, 12, 19, 36]",5375,PENDIENTE,0,0.0,23,gaussiano_inteligente_v1,NORMAL,18/01/2026 21:00
1768618679,2026-01-16 23:40:30,LOTO,"[1, 13, 15, 29, 33, 35]",5375,PENDIENTE,0,19.05,23,oraculo_neural_v4,NORMAL,18/01/2026 21:00
1768626240,2026-01-17 01:58:57,LOTO,"[8, 21, 27, 29, 37, 39]",5375,PENDIENTE,0,0.0,1,markov_chain_v1,NORMAL,18/01/2026 21:00
1768618689,2026-01-16 23:40:30,LOTO,"[13, 22, 23, 29, 31, 35]",5375,PENDIENTE,0,34.76,23,consenso_meritocratico_v2,ðŸ”¥ ALTA CONFIANZA,18/01/2026 21:00
1768626637,2026-01-17 01:58:57,LOTO3,"[1, 7, 8]",23998,AUDITADO,1,10.0,1,forense_biometrico_v1,NORMAL,17/01/2026 14:00
1768618709,2026-01-16 23:40:30,LOTO3,"[0, 7, 8]",23998,AUDITADO,1,10.0,23,oraculo_neural_v4,NORMAL,17/01/2026 14:00
1768622800,2026-01-17 00:47:31,RACHA,"[3, 4, 7, 8, 11, 12, 15, 16, 17, 20]",10301,AUDITADO,4,15.0,0,oraculo_neural_v3,NORMAL,17/01/2026 15:00
1768621954,2026-01-17 00:47:31,LOTO,"[8, 21, 27, 29, 37, 39]",5375,PENDIENTE,0,0.0,0,markov_chain_v1,NORMAL,18/01/2026 21:00
1768618789,2026-01-16 23:40:30,RACHA,"[1, 2, 3, 4, 8, 13, 15, 17, 18, 19]",10301,AUDITADO,6,15.0,23,oraculo_neural_v4,NORMAL,17/01/2026 15:00
1768630325,2026-01-17 02:53:26,LOTO4,"[1, 5, 9, 16]",11568,AUDITADO,2,20.0,2,oraculo_neural_v4,NORMAL,17/01/2026 14:00
1768618630,2026-01-16 23:40:30,LOTO4,"[3, 8, 9, 23]",11568,AUDITADO,0,0.0,23,forense_biometrico_v1,NORMAL,17/01/2026 14:00
1768627056,2026-01-17 01:58:57,LOTO4,"[1, 5, 9, 16]",11568,AUDITADO,2,20.0,1,oraculo_neural_v4,NORMAL,17/01/2026 14:00
1768628974,2026-01-17 02:31:25,LOTO3,"[0, 7, 9]",23998,AUDITADO,1,10.0,2,consenso_meritocratico_v2,ðŸ”¥ ALTA CONFIANZA,17/01/2026 14:00
1768630335,2026-01-17 02:53:26,LOTO4,"[4, 5, 11, 21]",11568,AUDITADO,1,0.0,2,consenso_meritocratico_v2,ðŸ”¥ ALTA CONFIANZA,17/01/2026 14:00
1768625647,2026-01-17 01:36:28,LOTO,"[1, 23, 25, 27, 29, 33]",5375,PENDIENTE,0,33.98,1,consenso_meritocratico_v2,ðŸ”¥ ALTA CONFIANZA,18/01/2026 21:00
1768619030,2026-01-16 23:40:30,RACHA,"[1, 2, 6, 7, 8, 11, 14, 15, 18, 19]",10301,AUDITADO,7,40.0,23,forense_biometrico_v1,NORMAL,17/01/2026 15:00
1768617832,2026-01-16 23:40:30,LOTO,"[2, 14, 17, 21, 23, 24]",5375,PENDIENTE,0,0.0,23,delta_dna_v1,NORMAL,18/01/2026 21:00
1768618719,2026-01-16 23:40:30,LOTO3,"[0, 7, 8]",23998,AUDITADO,1,10.0,23,consenso_meritocratico_v2,ðŸ”¥ ALTA CONFIANZA,17/01/2026 14:00
1768617933,2026-01-16 23:40:30,LOTO,"[12, 23, 25, 28, 29, 31]",5375,PENDIENTE,0,0.0,23,markov_chain_v1,NORMAL,18/01/2026 21:00
1768624891,2026-01-17 01:36:28,LOTO,"[8, 21, 27, 29, 37, 39]",5375,PENDIENTE,0,0.0,1,markov_chain_v1,NORMAL,18/01/2026 21:00
1768626996,2026-01-17 01:58:57,LOTO,"[13, 17, 21, 27, 29, 37]",5375,PENDIENTE,0,36.25,1,consenso_meritocratico_v2,ðŸ”¥ ALTA CONFIANZA,18/01/2026 21:00
1768618779,2026-01-16 23:40:30,RACHA,"[1, 2, 3, 8, 9, 12, 13, 16, 18, 19]",10301,AUDITADO,6,15.0,23,oraculo_neural_v3,NORMAL,17/01/2026 15:00
1768624588,2026-01-17 01:36:28,LOTO,"[2, 17, 18, 20, 29, 35]",5375,PENDIENTE,0,0.0,1,forense_biometrico_v1,NORMAL,18/01/2026 21:00
1768630265,2026-01-17 02:53:26,LOTO,"[10, 13, 27, 29, 33, 37]",5375,PENDIENTE,0,33.71,2,consenso_meritocratico_v2,ðŸ”¥ ALTA CONFIANZA,18/01/2026 21:00
1768626976,2026-01-17 01:58:57,LOTO,"[2, 17, 18, 21, 34, 37]",5375,PENDIENTE,0,5.95,1,oraculo_neural_v3,NORMAL,18/01/2026 21:00
1768625757,2026-01-17 01:36:28,RACHA,"[1, 4, 5, 6, 8, 12, 14, 17, 19, 20]",10301,AUDITADO,6,15.0,1,consenso_meritocratico_v2,ðŸ”¥ ALTA CONFIANZA,17/01/2026 15:00
1768628924,2026-01-17 02:31:25,LOTO,"[1, 13, 14, 16, 22, 41]",5375,PENDIENTE,0,6.35,2,oraculo_neural_v3,NORMAL,18/01/2026 21:00
1768621651,2026-01-17 00:47:31,LOTO,"[2, 19, 21, 30, 31, 38]",5375,PENDIENTE,0,0.0,0,forense_biometrico_v1,NORMAL,18/01/2026 21:00
1768630255,2026-01-17 02:53:26,LOTO,"[1, 13, 15, 29, 33, 35]",5375,PENDIENTE,0,19.05,2,oraculo_neural_v4,NORMAL,18/01/2026 21:00
1768630355,2026-01-17 02:53:26,RACHA,"[5, 6, 7, 8, 9, 10, 12, 14, 17, 19]",10301,AUDITADO,4,15.0,2,oraculo_neural_v3,NORMAL,17/01/2026 15:00
1768624689,2026-01-17 01:36:28,LOTO,"[7, 19, 26, 32, 40, 41]",5375,PENDIENTE,0,0.0,1,gaussiano_inteligente_v1,NORMAL,18/01/2026 21:00
1768622760,2026-01-17 00:47:31,LOTO4,"[1, 11, 19, 20]",11568,AUDITADO,2,20.0,0,oraculo_neural_v3,NORMAL,17/01/2026 14:00
1768622770,2026-01-17 00:47:31,LOTO4,"[1, 5, 9, 16]",11568,AUDITADO,2,20.0,0,oraculo_neural_v4,NORMAL,17/01/2026 14:00
1768625988,2026-01-17 01:36:28,RACHA,"[1, 2, 3, 6, 7, 9, 14, 18, 19, 20]",10301,AUDITADO,7,40.0,1,forense_biometrico_v1,NORMAL,17/01/2026 15:00
1768618759,2026-01-16 23:40:30,LOTO4,"[1, 5, 9, 16]",11568,AUDITADO,2,20.0,23,consenso_meritocratico_v2,ðŸ”¥ ALTA CONFIANZA,17/01/2026 14:00
1768618799,2026-01-16 23:40:30,RACHA,"[1, 2, 3, 4, 8, 13, 16, 17, 18, 19]",10301,AUDITADO,6,15.0,23,consenso_meritocratico_v2,ðŸ”¥ ALTA CONFIANZA,17/01/2026 15:00
1768627096,2026-01-17 01:58:57,RACHA,"[1, 2, 3, 4, 8, 13, 15, 17, 18, 19]",10301,AUDITADO,6,15.0,1,oraculo_neural_v4,NORMAL,17/01/2026 15:00
1768629307,2026-01-17 02:53:26,LOTO,"[7, 20, 30, 32, 33, 37]",5375,PENDIENTE,0,0.0,2,gaussiano_inteligente_v1,NORMAL,18/01/2026 21:00
1768630295,2026-01-17 02:53:26,LOTO3,"[0, 7, 9]",23998,AUDITADO,1,10.0,2,consenso_meritocratico_v2,ðŸ”¥ ALTA CONFIANZA,17/01/2026 14:00
1768625637,2026-01-17 01:36:28,LOTO,"[1, 13, 15, 29, 33, 35]",5375,PENDIENTE,0,19.05,1,oraculo_neural_v4,NORMAL,18/01/2026 21:00
1768628964,2026-01-17 02:31:25,LOTO3,"[0, 7, 9]",23998,AUDITADO,1,10.0,2,oraculo_neural_v4,NORMAL,17/01/2026 14:00
1768630375,2026-01-17 02:53:26,RACHA,"[1, 4, 5, 7, 8, 9, 13, 15, 17, 19]",10301,AUDITADO,4,15.0,2,consenso_meritocratico_v2,ðŸ”¥ ALTA CONFIANZA,17/01/2026 15:00
1768618749,2026-01-16 23:40:30,LOTO4,"[1, 5, 9, 16]",11568,AUDITADO,2,20.0,23,oraculo_neural_v4,NORMAL,17/01/2026 14:00
1768626139,2026-01-17 01:58:57,LOTO,"[3, 7, 24, 28, 29, 32]",5375,PENDIENTE,0,0.0,1,delta_dna_v1,NORMAL,18/01/2026 21:00
1768623051,2026-01-17 00:47:31,RACHA,"[2, 3, 7, 8, 9, 12, 15, 18, 19, 20]",10301,AUDITADO,5,5.0,0,forense_biometrico_v1,NORMAL,17/01/2026 15:00
1768627046,2026-01-17 01:58:57,LOTO4,"[9, 11, 19, 20]",11568,AUDITADO,1,0.0,1,oraculo_neural_v3,NORMAL,17/01/2026 14:00
1768629906,2026-01-17 02:53:26,LOTO3,"[4, 7, 8]",23998,AUDITADO,1,10.0,2,forense_biometrico_v1,NORMAL,17/01/2026 14:00
1768618739,2026-01-16 23:40:30,LOTO4,"[7, 8, 19, 21]",11568,AUDITADO,0,0.0,23,oraculo_neural_v3,NORMAL,17/01/2026 14:00
1768627106,2026-01-17 01:58:57,RACHA,"[1, 2, 4, 8, 9, 13, 14, 15, 17, 19]",10301,AUDITADO,6,15.0,1,consenso_meritocratico_v2,ðŸ”¥ ALTA CONFIANZA,17/01/2026 15:00
1768628994,2026-01-17 02:31:25,LOTO4,"[6, 7, 11, 21]",11568,AUDITADO,2,20.0,2,oraculo_neural_v3,NORMAL,17/01/2026 14:00
1768629408,2026-01-17 02:53:26,LOTO,"[7, 11, 19, 20, 26, 36]",5375,PENDIENTE,0,0.0,2,delta_dna_v1,NORMAL,18/01/2026 21:00
1768626937,2026-01-17 01:58:57,LOTO4,"[5, 9, 16, 17]",11568,AUDITADO,1,0.0,1,forense_biometrico_v1,NORMAL,17/01/2026 14:00
1768617630,2026-01-16 23:40:30,LOTO,"[2, 11, 14, 15, 31, 34]",5375,PENDIENTE,0,0.0,23,forense_biometrico_v1,NORMAL,18/01/2026 21:00
1768629206,2026-01-17 02:53:26,LOTO,"[14, 19, 27, 28, 31, 38]",5375,PENDIENTE,0,0.0,2,forense_biometrico_v1,NORMAL,18/01/2026 21:00
1768622651,2026-01-17 00:47:31,LOTO4,"[3, 7, 20, 21]",11568,AUDITADO,0,0.0,0,forense_biometrico_v1,NORMAL,17/01/2026 14:00
1768629034,2026-01-17 02:31:25,RACHA,"[1, 2, 3, 8, 9, 14, 16, 17, 19, 20]",10301,AUDITADO,7,40.0,2,oraculo_neural_v3,NORMAL,17/01/2026 15:00
1768622780,2026-01-17 00:47:31,LOTO4,"[1, 9, 11, 19]",11568,AUDITADO,2,20.0,0,consenso_meritocratico_v2,ðŸ”¥ ALTA CONFIANZA,17/01/2026 14:00
1768628944,2026-01-17 02:31:25,LOTO,"[1, 8, 13, 22, 27, 29]",5375,PENDIENTE,0,31.26,2,consenso_meritocratico_v2,ðŸ”¥ ALTA CONFIANZA,18/01/2026 21:00
1768622700,2026-01-17 00:47:31,LOTO,"[1, 13, 15, 29, 33, 35]",5375,PENDIENTE,0,19.05,0,oraculo_neural_v4,NORMAL,18/01/2026 21:00
1768622810,2026-01-17 00:47:31,RACHA,"[1, 2, 3, 4, 8, 13, 15, 17, 18, 19]",10301,AUDITADO,6,15.0,0,oraculo_neural_v4,NORMAL,17/01/2026 15:00
1768629044,2026-01-17 02:31:25,RACHA,"[1, 2, 3, 4, 8, 13, 15, 17, 18, 19]",10301,AUDITADO,6,15.0,2,oraculo_neural_v4,NORMAL,17/01/2026 15:00
1768629014,2026-01-17 02:31:25,LOTO4,"[1, 6, 7, 21]",11568,AUDITADO,2,20.0,2,consenso_meritocratico_v2,ðŸ”¥ ALTA CONFIANZA,17/01/2026 14:00
1768628087,2026-01-17 02:31:25,LOTO,"[13, 19, 24, 29, 30, 34]",5375,PENDIENTE,0,0.0,2,delta_dna_v1,NORMAL,18/01/2026 21:00
1768629509,2026-01-17 02:53:26,LOTO,"[8, 21, 27, 29, 37, 39]",5375,PENDIENTE,0,0.0,2,markov_chain_v1,NORMAL,18/01/2026 21:00
1768630315,2026-01-17 02:53:26,LOTO4,"[4, 5, 11, 21]",11568,AUDITADO,1,0.0,2,oraculo_neural_v3,NORMAL,17/01/2026 14:00
1768625717,2026-01-17 01:36:28,LOTO4,"[5, 9, 12, 13]",11568,AUDITADO,0,0.0,1,consenso_meritocratico_v2,ðŸ”¥ ALTA CONFIANZA,17/01/2026 14:00
1768627026,2026-01-17 01:58:57,LOTO3,"[0, 7, 9]",23998,AUDITADO,1,10.0,1,consenso_meritocratico_v2,ðŸ”¥ ALTA CONFIANZA,17/01/2026 14:00
1768622820,2026-01-17 00:47:31,RACHA,"[3, 4, 7, 8, 12, 13, 15, 16, 17, 20]",10301,AUDITADO,4,15.0,0,consenso_meritocratico_v2,ðŸ”¥ ALTA CONFIANZA,17/01/2026 15:00
1768627016,2026-01-17 01:58:57,LOTO3,"[0, 7, 9]",23998,AUDITADO,1,10.0,1,oraculo_neural_v4,NORMAL,17/01/2026 14:00
1768628885,2026-01-17 02:31:25,LOTO4,"[7, 8, 11, 18]",11568,AUDITADO,1,0.0,2,forense_biometrico_v1,NORMAL,17/01/2026 14:00
1768630606,2026-01-17 02:53:26,RACHA,"[3, 5, 6, 7, 9, 13, 14, 16, 17, 18]",10301,AUDITADO,4,15.0,2,forense_biometrico_v1,NORMAL,17/01/2026 15:00
1768630206,2026-01-17 02:53:26,LOTO4,"[3, 7, 14, 15]",11568,AUDITADO,0,0.0,2,forense_biometrico_v1,NORMAL,17/01/2026 14:00
1768626986,2026-01-17 01:58:57,LOTO,"[1, 13, 15, 29, 33, 35]",5375,PENDIENTE,0,19.05,1,oraculo_neural_v4,NORMAL,18/01/2026 21:00
1768624790,2026-01-17 01:36:28,LOTO,"[13, 17, 26, 31, 32, 34]",5375,PENDIENTE,0,0.0,1,delta_dna_v1,NORMAL,18/01/2026 21:00
1768621752,2026-01-17 00:47:31,LOTO,"[2, 19, 24, 29, 39, 40]",5375,PENDIENTE,0,0.0,0,gaussiano_inteligente_v1,NORMAL,18/01/2026 21:00
1768628585,2026-01-17 02:31:25,LOTO3,"[1, 7, 8]",23998,AUDITADO,1,10.0,2,forense_biometrico_v1,NORMAL,17/01/2026 14:00
1768625697,2026-01-17 01:36:28,LOTO4,"[9, 12, 13, 23]",11568,AUDITADO,0,0.0,1,oraculo_neural_v3,NORMAL,17/01/2026 14:00
1768627066,2026-01-17 01:58:57,LOTO4,"[9, 11, 19, 20]",11568,AUDITADO,1,0.0,1,consenso_meritocratico_v2,ðŸ”¥ ALTA CONFIANZA,17/01/2026 14:00
1768627986,2026-01-17 02:31:25,LOTO,"[4, 7, 11, 12, 34, 41]",5375,PENDIENTE,0,0.0,2,gaussiano_inteligente_v1,NORMAL,18/01/2026 21:00
1768622710,2026-01-17 00:47:31,LOTO,"[7, 10, 27, 29, 35, 37]",5375,PENDIENTE,0,33.98,0,consenso_meritocratico_v2,ðŸ”¥ ALTA CONFIANZA,18/01/2026 21:00
1768618330,2026-01-16 23:40:30,LOTO3,"[1, 4, 5]",23998,AUDITADO,0,0.0,23,forense_biometrico_v1,NORMAL,17/01/2026 14:00
1768621853,2026-01-17 00:47:31,LOTO,"[17, 18, 22, 29, 37, 40]",5375,PENDIENTE,0,0.0,0,delta_dna_v1,NORMAL,18/01/2026 21:00
1768625937,2026-01-17 01:58:57,LOTO,"[10, 18, 19, 23, 29, 36]",5375,PENDIENTE,0,0.0,1,forense_biometrico_v1,NORMAL,18/01/2026 21:00
1768625288,2026-01-17 01:36:28,LOTO3,"[0, 1, 7]",23998,AUDITADO,1,33.33,1,forense_biometrico_v1,NORMAL,17/01/2026 14:00
1768622740,2026-01-17 00:47:31,LOTO3,"[0, 7, 9]",23998,AUDITADO,1,10.0,0,consenso_meritocratico_v2,ðŸ”¥ ALTA CONFIANZA,17/01/2026 14:00
1768627885,2026-01-17 02:31:25,LOTO,"[3, 8, 11, 28, 29, 34]",5375,PENDIENTE,0,0.0,2,forense_biometrico_v1,NORMAL,18/01/2026 21:00
1768628188,2026-01-17 02:31:25,LOTO,"[8, 21, 27, 29, 37, 39]",5375,PENDIENTE,0,0.0,2,markov_chain_v1,NORMAL,18/01/2026 21:00
1768625667,2026-01-17 01:36:28,LOTO3,"[0, 7, 9]",23998,AUDITADO,1,10.0,1,oraculo_neural_v4,NORMAL,17/01/2026 14:00
1768629004,2026-01-17 02:31:25,LOTO4,"[1, 5, 9, 16]",11568,AUDITADO,2,20.0,2,oraculo_neural_v4,NORMAL,17/01/2026 14:00
1768628934,2026-01-17 02:31:25,LOTO,"[1, 13, 15, 29, 33, 35]",5375,PENDIENTE,0,19.05,2,oraculo_neural_v4,NORMAL,18/01/2026 21:00
1768629054,2026-01-17 02:31:25,RACHA,"[1, 2, 3, 8, 9, 14, 15, 17, 19, 20]",10301,AUDITADO,7,40.0,2,consenso_meritocratico_v2,ðŸ”¥ ALTA CONFIANZA,17/01/2026 15:00
1768625707,2026-01-17 01:36:28,LOTO4,"[1, 5, 9, 16]",11568,AUDITADO,2,20.0,1,oraculo_neural_v4,NORMAL,17/01/2026 14:00
1768627337,2026-01-17 01:58:57,RACHA,"[2, 6, 7, 9, 11, 12, 13, 14, 19, 20]",10301,AUDITADO,7,40.0,1,forense_biometrico_v1,NORMAL,17/01/2026 15:00
1768625588,2026-01-17 01:36:28,LOTO4,"[3, 7, 20, 21]",11568,AUDITADO,0,0.0,1,forense_biometrico_v1,NORMAL,17/01/2026 14:00
1768627086,2026-01-17 01:58:57,RACHA,"[2, 4, 5, 6, 9, 12, 13, 14, 15, 17]",10301,AUDITADO,4,15.0,1,oraculo_neural_v3,NORMAL,17/01/2026 15:00
1768629285,2026-01-17 02:31:25,RACHA,"[2, 3, 4, 6, 7, 9, 15, 16, 18, 19]",10301,AUDITADO,4,15.0,2,forense_biometrico_v1,NORMAL,17/01/2026 15:00
1768626038,2026-01-17 01:58:57,LOTO,"[2, 5, 26, 27, 34, 41]",5375,PENDIENTE,0,0.0,1,gaussiano_inteligente_v1,NORMAL,18/01/2026 21:00
1768630285,2026-01-17 02:53:26,LOTO3,"[0, 7, 9]",23998,AUDITADO,1,10.0,2,oraculo_neural_v4,NORMAL,17/01/2026 14:00
1768625677,2026-01-17 01:36:28,LOTO3,"[0, 7, 9]",23998,AUDITADO,1,10.0,1,consenso_meritocratico_v2,ðŸ”¥ ALTA CONFIANZA,17/01/2026 14:00
1768618669,2026-01-16 23:40:30,LOTO,"[3, 14, 17, 22, 23, 38]",5375,PENDIENTE,0,5.95,23,oraculo_neural_v3,NORMAL,18/01/2026 21:00
1768625747,2026-01-17 01:36:28,RACHA,"[1, 2, 3, 4, 8, 13, 15, 17, 18, 19]",10301,AUDITADO,6,15.0,1,oraculo_neural_v4,NORMAL,17/01/2026 15:00
1768630365,2026-01-17 02:53:26,RACHA,"[1, 2, 3, 4, 8, 13, 15, 17, 18, 19]",10301,AUDITADO,6,15.0,2,oraculo_neural_v4,NORMAL,17/01/2026 15:00
1768625627,2026-01-17 01:36:28,LOTO,"[7, 14, 22, 29, 31, 32]",5375,PENDIENTE,0,5.95,1,oraculo_neural_v3,NORMAL,18/01/2026 21:00
1768630245,2026-01-17 02:53:26,LOTO,"[10, 12, 13, 17, 26, 37]",5375,PENDIENTE,0,5.95,2,oraculo_neural_v3,NORMAL,18/01/2026 21:00
1768622351,2026-01-17 00:47:31,LOTO3,"[3, 8, 9]",23998,AUDITADO,1,33.33,0,forense_biometrico_v1,NORMAL,17/01/2026 14:00
1768643271,2026-01-17 06:29:22,LOTO4,"[7, 8, 15, 17]",11568,AUDITADO,0,0.0,6,oraculo_neural_v3,NORMAL,17/01/2026 14:00
1768651941,2026-01-17 08:53:32,LOTO4,"[6, 7, 11, 21]",11568,AUDITADO,2,20.0,8,consenso_meritocratico_v2,ðŸ”¥ ALTA CONFIANZA,17/01/2026 14:00
1768646642,2026-01-17 07:26:03,LOTO3,"[0, 7, 9]",23998,AUDITADO,1,10.0,7,oraculo_neural_v4,NORMAL,17/01/2026 14:00
1768642364,2026-01-17 06:29:22,LOTO,"[3, 16, 22, 37, 38, 41]",5375,PENDIENTE,0,0.0,6,delta_dna_v1,NORMAL,18/01/2026 21:00
1768649003,2026-01-17 08:21:42,LOTO,"[2, 14, 15, 17, 23, 30]",5375,PENDIENTE,0,0.0,8,gaussiano_inteligente_v1,NORMAL,18/01/2026 21:00
1768646672,2026-01-17 07:26:03,LOTO4,"[1, 17, 18, 23]",11568,AUDITADO,1,0.0,7,oraculo_neural_v3,NORMAL,17/01/2026 14:00
1768646263,2026-01-17 07:26:03,LOTO3,"[1, 6, 7]",23998,AUDITADO,2,66.67,7,forense_biometrico_v1,NORMAL,17/01/2026 14:00
1768637930,2026-01-17 04:55:30,RACHA,"[2, 3, 6, 9, 10, 14, 15, 16, 17, 19]",10301,AUDITADO,5,5.0,4,forense_biometrico_v1,NORMAL,17/01/2026 15:00
1768636038,2026-01-17 04:28:29,LOTO4,"[1, 5, 10, 11]",11568,AUDITADO,2,20.0,4,consenso_meritocratico_v2,ðŸ”¥ ALTA CONFIANZA,17/01/2026 14:00
1768651512,2026-01-17 08:53:32,LOTO3,"[1, 7, 8]",23998,AUDITADO,1,10.0,8,forense_biometrico_v1,NORMAL,17/01/2026 14:00
1768646563,2026-01-17 07:26:03,LOTO4,"[1, 11, 16, 17]",11568,AUDITADO,3,50.0,7,forense_biometrico_v1,NORMAL,17/01/2026 14:00
1768633050,2026-01-17 03:38:01,RACHA,"[1, 2, 5, 7, 8, 13, 14, 15, 17, 18]",10301,AUDITADO,5,5.0,3,consenso_meritocratico_v2,ðŸ”¥ ALTA CONFIANZA,17/01/2026 15:00
1768633040,2026-01-17 03:38:01,RACHA,"[1, 2, 3, 4, 8, 13, 15, 17, 18, 19]",10301,AUDITADO,6,15.0,3,oraculo_neural_v4,NORMAL,17/01/2026 15:00
1768647813,2026-01-17 07:46:14,LOTO,"[2, 17, 22, 29, 30, 39]",5375,PENDIENTE,0,5.95,7,oraculo_neural_v3,NORMAL,18/01/2026 21:00
1768647077,2026-01-17 07:46:14,LOTO,"[8, 21, 27, 29, 37, 39]",5375,PENDIENTE,0,0.0,7,markov_chain_v1,NORMAL,18/01/2026 21:00
1768644217,2026-01-17 06:45:38,LOTO3,"[0, 7, 9]",23998,AUDITADO,1,10.0,6,oraculo_neural_v4,NORMAL,17/01/2026 14:00
1768644227,2026-01-17 06:45:38,LOTO3,"[0, 7, 9]",23998,AUDITADO,1,10.0,6,consenso_meritocratico_v2,ðŸ”¥ ALTA CONFIANZA,17/01/2026 14:00
1768639881,2026-01-17 05:33:22,LOTO3,"[0, 7, 9]",23998,AUDITADO,1,10.0,5,oraculo_neural_v4,NORMAL,17/01/2026 14:00
1768649941,2026-01-17 08:21:42,LOTO,"[6, 10, 11, 17, 31, 36]",5375,PENDIENTE,0,5.95,8,oraculo_neural_v3,NORMAL,18/01/2026 21:00
1768634176,2026-01-17 03:58:57,LOTO,"[2, 3, 17, 26, 36, 39]",5375,PENDIENTE,0,5.95,3,oraculo_neural_v3,NORMAL,18/01/2026 21:00
1768634909,2026-01-17 04:28:29,LOTO,"[7, 13, 28, 30, 31, 34]",5375,PENDIENTE,0,0.0,4,forense_biometrico_v1,NORMAL,18/01/2026 21:00
1768635968,2026-01-17 04:28:29,LOTO,"[8, 15, 18, 29, 33, 37]",5375,PENDIENTE,0,34.73,4,consenso_meritocratico_v2,ðŸ”¥ ALTA CONFIANZA,18/01/2026 21:00
1768643281,2026-01-17 06:29:22,LOTO4,"[1, 5, 9, 16]",11568,AUDITADO,2,20.0,6,oraculo_neural_v4,NORMAL,17/01/2026 14:00
1768634537,2026-01-17 03:58:57,RACHA,"[2, 5, 7, 8, 9, 10, 11, 14, 15, 20]",10301,AUDITADO,5,5.0,3,forense_biometrico_v1,NORMAL,17/01/2026 15:00
1768644247,2026-01-17 06:45:38,LOTO4,"[3, 11, 20, 21]",11568,AUDITADO,1,0.0,6,oraculo_neural_v3,NORMAL,17/01/2026 14:00
1768636903,2026-01-17 04:43:34,LOTO3,"[0, 7, 9]",23998,AUDITADO,1,10.0,4,consenso_meritocratico_v2,ðŸ”¥ ALTA CONFIANZA,17/01/2026 14:00
1768640341,2026-01-17 05:57:20,LOTO,"[5, 18, 19, 22, 26, 37]",5375,PENDIENTE,0,0.0,5,gaussiano_inteligente_v1,NORMAL,18/01/2026 21:00
1768641409,2026-01-17 05:57:20,RACHA,"[1, 2, 6, 7, 8, 10, 13, 14, 15, 17]",10301,AUDITADO,6,15.0,5,consenso_meritocratico_v2,ðŸ”¥ ALTA CONFIANZA,17/01/2026 15:00
1768644287,2026-01-17 06:45:38,RACHA,"[1, 3, 4, 10, 11, 13, 14, 18, 19, 20]",10301,AUDITADO,7,40.0,6,oraculo_neural_v3,NORMAL,17/01/2026 15:00
1768648902,2026-01-17 08:21:42,LOTO,"[7, 14, 22, 28, 29, 41]",5375,PENDIENTE,0,0.0,8,forense_biometrico_v1,NORMAL,18/01/2026 21:00
1768636863,2026-01-17 04:43:34,LOTO,"[1, 13, 15, 29, 33, 35]",5375,PENDIENTE,0,19.05,4,oraculo_neural_v4,NORMAL,18/01/2026 21:00
1768641349,2026-01-17 05:57:20,LOTO4,"[9, 11, 12, 17]",11568,AUDITADO,1,0.0,5,oraculo_neural_v3,NORMAL,17/01/2026 14:00
1768635998,2026-01-17 04:28:29,LOTO3,"[0, 7, 9]",23998,AUDITADO,1,10.0,4,consenso_meritocratico_v2,ðŸ”¥ ALTA CONFIANZA,17/01/2026 14:00
1768641640,2026-01-17 05:57:20,RACHA,"[1, 4, 5, 6, 7, 12, 13, 16, 17, 20]",10301,AUDITADO,4,15.0,5,forense_biometrico_v1,NORMAL,17/01/2026 15:00
1768651213,2026-01-17 08:41:04,RACHA,"[3, 5, 6, 8, 9, 10, 13, 14, 17, 18]",10301,AUDITADO,5,5.0,8,oraculo_neural_v3,NORMAL,17/01/2026 15:00
1768647943,2026-01-17 07:46:14,RACHA,"[1, 2, 3, 7, 8, 13, 15, 16, 17, 20]",10301,AUDITADO,6,15.0,7,consenso_meritocratico_v2,ðŸ”¥ ALTA CONFIANZA,17/01/2026 15:00
1768644187,2026-01-17 06:45:38,LOTO,"[1, 13, 15, 29, 33, 35]",5375,PENDIENTE,0,19.05,6,oraculo_neural_v4,NORMAL,18/01/2026 21:00
1768633137,2026-01-17 03:58:57,LOTO,"[6, 11, 20, 30, 31, 41]",5375,PENDIENTE,0,0.0,3,forense_biometrico_v1,NORMAL,18/01/2026 21:00
1768635814,2026-01-17 04:43:34,LOTO,"[5, 14, 18, 19, 32, 41]",5375,PENDIENTE,0,0.0,4,forense_biometrico_v1,NORMAL,18/01/2026 21:00
1768650367,2026-01-17 08:41:04,LOTO,"[8, 21, 27, 29, 37, 39]",5375,PENDIENTE,0,0.0,8,markov_chain_v1,NORMAL,18/01/2026 21:00
1768650764,2026-01-17 08:41:04,LOTO3,"[1, 2, 9]",23998,AUDITADO,0,0.0,8,forense_biometrico_v1,NORMAL,17/01/2026 14:00
1768636943,2026-01-17 04:43:34,LOTO4,"[9, 17, 22, 23]",11568,AUDITADO,0,0.0,4,consenso_meritocratico_v2,ðŸ”¥ ALTA CONFIANZA,17/01/2026 14:00
1768641399,2026-01-17 05:57:20,RACHA,"[1, 2, 3, 4, 8, 13, 15, 17, 18, 19]",10301,AUDITADO,6,15.0,5,oraculo_neural_v4,NORMAL,17/01/2026 15:00
1768650061,2026-01-17 08:21:42,RACHA,"[1, 2, 3, 4, 8, 13, 15, 17, 18, 19]",10301,AUDITADO,6,15.0,8,oraculo_neural_v4,NORMAL,17/01/2026 15:00
1768632940,2026-01-17 03:38:01,LOTO,"[14, 15, 19, 27, 29, 33]",5375,PENDIENTE,0,34.19,3,consenso_meritocratico_v2,ðŸ”¥ ALTA CONFIANZA,18/01/2026 21:00
1768651223,2026-01-17 08:41:04,RACHA,"[1, 2, 3, 4, 8, 13, 15, 17, 18, 19]",10301,AUDITADO,6,15.0,8,oraculo_neural_v4,NORMAL,17/01/2026 15:00
1768646963,2026-01-17 07:26:03,RACHA,"[3, 7, 8, 9, 10, 11, 13, 15, 16, 20]",10301,AUDITADO,5,5.0,7,forense_biometrico_v1,NORMAL,17/01/2026 15:00
1768646602,2026-01-17 07:26:03,LOTO,"[2, 22, 31, 32, 39, 41]",5375,PENDIENTE,0,5.95,7,oraculo_neural_v3,NORMAL,18/01/2026 21:00
1768642862,2026-01-17 06:29:22,LOTO3,"[1, 7, 8]",23998,AUDITADO,1,10.0,6,forense_biometrico_v1,NORMAL,17/01/2026 14:00
1768652212,2026-01-17 08:53:32,RACHA,"[1, 2, 5, 11, 12, 13, 14, 15, 18, 20]",10301,AUDITADO,6,15.0,8,forense_biometrico_v1,NORMAL,17/01/2026 15:00
1768636028,2026-01-17 04:28:29,LOTO4,"[1, 5, 9, 16]",11568,AUDITADO,2,20.0,4,oraculo_neural_v4,NORMAL,17/01/2026 14:00
1768646774,2026-01-17 07:46:14,LOTO,"[5, 12, 17, 28, 29, 38]",5375,PENDIENTE,0,0.0,7,forense_biometrico_v1,NORMAL,18/01/2026 21:00
1768636631,2026-01-17 04:55:30,LOTO,"[8, 15, 29, 30, 34, 37]",5375,PENDIENTE,0,0.0,4,gaussiano_inteligente_v1,NORMAL,18/01/2026 21:00
1768632970,2026-01-17 03:38:01,LOTO3,"[0, 7, 9]",23998,AUDITADO,1,10.0,3,consenso_meritocratico_v2,ðŸ”¥ ALTA CONFIANZA,17/01/2026 14:00
1768637659,2026-01-17 04:55:30,LOTO4,"[3, 7, 20, 21]",11568,AUDITADO,0,0.0,4,consenso_meritocratico_v2,ðŸ”¥ ALTA CONFIANZA,17/01/2026 14:00
1768633238,2026-01-17 03:58:57,LOTO,"[4, 12, 19, 23, 30, 31]",5375,PENDIENTE,0,0.0,3,gaussiano_inteligente_v1,NORMAL,18/01/2026 21:00
1768638802,2026-01-17 05:33:22,LOTO,"[2, 20, 21, 23, 31, 38]",5375,PENDIENTE,0,0.0,5,forense_biometrico_v1,NORMAL,18/01/2026 21:00
1768637530,2026-01-17 04:55:30,LOTO4,"[7, 9, 10, 13]",11568,AUDITADO,0,0.0,4,forense_biometrico_v1,NORMAL,17/01/2026 14:00
1768646692,2026-01-17 07:26:03,LOTO4,"[1, 17, 18, 23]",11568,AUDITADO,1,0.0,7,consenso_meritocratico_v2,ðŸ”¥ ALTA CONFIANZA,17/01/2026 14:00
1768633837,2026-01-17 03:58:57,LOTO3,"[1, 4, 5]",23998,AUDITADO,0,0.0,3,forense_biometrico_v1,NORMAL,17/01/2026 14:00
1768650071,2026-01-17 08:21:42,RACHA,"[2, 3, 8, 10, 11, 13, 15, 16, 18, 19]",10301,AUDITADO,6,15.0,8,consenso_meritocratico_v2,ðŸ”¥ ALTA CONFIANZA,17/01/2026 15:00
1768636309,2026-01-17 04:28:29,RACHA,"[3, 4, 5, 6, 8, 14, 15, 17, 19, 20]",10301,AUDITADO,6,15.0,4,forense_biometrico_v1,NORMAL,17/01/2026 15:00
1768640543,2026-01-17 05:57:20,LOTO,"[8, 21, 27, 29, 37, 39]",5375,PENDIENTE,0,0.0,5,markov_chain_v1,NORMAL,18/01/2026 21:00
1768640240,2026-01-17 05:57:20,LOTO,"[5, 11, 18, 19, 22, 34]",5375,PENDIENTE,0,0.0,5,forense_biometrico_v1,NORMAL,18/01/2026 21:00
1768632083,2026-01-17 03:38:01,LOTO,"[8, 11, 23, 24, 27, 34]",5375,PENDIENTE,0,0.0,3,delta_dna_v1,NORMAL,18/01/2026 21:00
1768639911,2026-01-17 05:33:22,LOTO4,"[3, 10, 11, 21]",11568,AUDITADO,1,0.0,5,oraculo_neural_v3,NORMAL,17/01/2026 14:00
1768632990,2026-01-17 03:38:01,LOTO4,"[17, 19, 21, 22]",11568,AUDITADO,0,0.0,3,oraculo_neural_v3,NORMAL,17/01/2026 14:00
1768644307,2026-01-17 06:45:38,RACHA,"[1, 3, 4, 10, 11, 13, 14, 18, 19, 20]",10301,AUDITADO,7,40.0,6,consenso_meritocratico_v2,ðŸ”¥ ALTA CONFIANZA,17/01/2026 15:00
1768643221,2026-01-17 06:29:22,LOTO,"[5, 8, 12, 27, 29, 31]",5375,PENDIENTE,0,31.54,6,consenso_meritocratico_v2,ðŸ”¥ ALTA CONFIANZA,18/01/2026 21:00
1768631982,2026-01-17 03:38:01,LOTO,"[4, 11, 19, 20, 28, 37]",5375,PENDIENTE,0,0.0,3,gaussiano_inteligente_v1,NORMAL,18/01/2026 21:00
1768649981,2026-01-17 08:21:42,LOTO3,"[0, 7, 9]",23998,AUDITADO,1,10.0,8,oraculo_neural_v4,NORMAL,17/01/2026 14:00
1768637609,2026-01-17 04:55:30,LOTO3,"[0, 7, 9]",23998,AUDITADO,1,10.0,4,oraculo_neural_v4,NORMAL,17/01/2026 14:00
1768632881,2026-01-17 03:38:01,LOTO4,"[5, 9, 10, 13]",11568,AUDITADO,0,0.0,3,forense_biometrico_v1,NORMAL,17/01/2026 14:00
1768637579,2026-01-17 04:55:30,LOTO,"[1, 13, 15, 29, 33, 35]",5375,PENDIENTE,0,19.05,4,oraculo_neural_v4,NORMAL,18/01/2026 21:00
1768633010,2026-01-17 03:38:01,LOTO4,"[17, 19, 21, 22]",11568,AUDITADO,0,0.0,3,consenso_meritocratico_v2,ðŸ”¥ ALTA CONFIANZA,17/01/2026 14:00
1768646722,2026-01-17 07:26:03,RACHA,"[1, 2, 3, 4, 8, 13, 15, 17, 18, 19]",10301,AUDITADO,6,15.0,7,oraculo_neural_v4,NORMAL,17/01/2026 15:00
1768641369,2026-01-17 05:57:20,LOTO4,"[1, 9, 11, 12]",11568,AUDITADO,2,20.0,5,consenso_meritocratico_v2,ðŸ”¥ ALTA CONFIANZA,17/01/2026 14:00
1768643201,2026-01-17 06:29:22,LOTO,"[4, 5, 12, 16, 31, 41]",5375,PENDIENTE,0,5.95,6,oraculo_neural_v3,NORMAL,18/01/2026 21:00
1768634306,2026-01-17 03:58:57,RACHA,"[1, 3, 4, 5, 7, 8, 10, 13, 17, 20]",10301,AUDITADO,5,5.0,3,consenso_meritocratico_v2,ðŸ”¥ ALTA CONFIANZA,17/01/2026 15:00
1768647863,2026-01-17 07:46:14,LOTO3,"[0, 7, 9]",23998,AUDITADO,1,10.0,7,consenso_meritocratico_v2,ðŸ”¥ ALTA CONFIANZA,17/01/2026 14:00
1768643311,2026-01-17 06:29:22,RACHA,"[3, 5, 6, 7, 8, 9, 10, 12, 16, 19]",10301,AUDITADO,4,15.0,6,oraculo_neural_v3,NORMAL,17/01/2026 15:00
1768643239,2026-01-17 06:45:38,LOTO,"[2, 3, 13, 22, 27, 34]",5375,PENDIENTE,0,0.0,6,gaussiano_inteligente_v1,NORMAL,18/01/2026 21:00
1768641389,2026-01-17 05:57:20,RACHA,"[1, 2, 6, 7, 8, 10, 13, 14, 15, 17]",10301,AUDITADO,6,15.0,5,oraculo_neural_v3,NORMAL,17/01/2026 15:00
1768646612,2026-01-17 07:26:03,LOTO,"[1, 13, 15, 29, 33, 35]",5375,PENDIENTE,0,19.05,7,oraculo_neural_v4,NORMAL,18/01/2026 21:00
1768636963,2026-01-17 04:43:34,RACHA,"[1, 2, 3, 4, 8, 9, 13, 14, 17, 20]",10301,AUDITADO,7,40.0,4,oraculo_neural_v3,NORMAL,17/01/2026 15:00
1768650031,2026-01-17 08:21:42,LOTO4,"[1, 13, 17, 21]",11568,AUDITADO,1,0.0,8,consenso_meritocratico_v2,ðŸ”¥ ALTA CONFIANZA,17/01/2026 14:00
1768651931,2026-01-17 08:53:32,LOTO4,"[1, 5, 9, 16]",11568,AUDITADO,2,20.0,8,oraculo_neural_v4,NORMAL,17/01/2026 14:00
1768634246,2026-01-17 03:58:57,LOTO4,"[3, 4, 21, 23]",11568,AUDITADO,0,0.0,3,oraculo_neural_v3,NORMAL,17/01/2026 14:00
1768651153,2026-01-17 08:41:04,LOTO3,"[0, 7, 9]",23998,AUDITADO,1,10.0,8,consenso_meritocratico_v2,ðŸ”¥ ALTA CONFIANZA,17/01/2026 14:00
1768647833,2026-01-17 07:46:14,LOTO,"[8, 21, 27, 29, 33, 39]",5375,PENDIENTE,0,35.21,7,consenso_meritocratico_v2,ðŸ”¥ ALTA CONFIANZA,18/01/2026 21:00
1768634226,2026-01-17 03:58:57,LOTO3,"[0, 7, 9]",23998,AUDITADO,1,10.0,3,consenso_meritocratico_v2,ðŸ”¥ ALTA CONFIANZA,17/01/2026 14:00
1768651961,2026-01-17 08:53:32,RACHA,"[1, 2, 3, 8, 9, 11, 12, 14, 15, 17]",10301,AUDITADO,6,15.0,8,oraculo_neural_v3,NORMAL,17/01/2026 15:00
1768636814,2026-01-17 04:43:34,LOTO4,"[1, 18, 19, 23]",11568,AUDITADO,1,0.0,4,forense_biometrico_v1,NORMAL,17/01/2026 14:00
1768639004,2026-01-17 05:33:22,LOTO,"[4, 12, 16, 17, 23, 31]",5375,PENDIENTE,0,0.0,5,delta_dna_v1,NORMAL,18/01/2026 21:00
1768646682,2026-01-17 07:26:03,LOTO4,"[1, 5, 9, 16]",11568,AUDITADO,2,20.0,7,oraculo_neural_v4,NORMAL,17/01/2026 14:00
1768644138,2026-01-17 06:45:38,LOTO4,"[1, 11, 12, 23]",11568,AUDITADO,2,20.0,6,forense_biometrico_v1,NORMAL,17/01/2026 14:00
1768636973,2026-01-17 04:43:34,RACHA,"[1, 2, 3, 4, 8, 13, 15, 17, 18, 19]",10301,AUDITADO,6,15.0,4,oraculo_neural_v4,NORMAL,17/01/2026 15:00
1768634266,2026-01-17 03:58:57,LOTO4,"[3, 5, 9, 23]",11568,AUDITADO,0,0.0,3,consenso_meritocratico_v2,ðŸ”¥ ALTA CONFIANZA,17/01/2026 14:00
1768647893,2026-01-17 07:46:14,LOTO4,"[1, 5, 9, 16]",11568,AUDITADO,2,20.0,7,oraculo_neural_v4,NORMAL,17/01/2026 14:00
1768637569,2026-01-17 04:55:30,LOTO,"[3, 4, 17, 26, 34, 41]",5375,PENDIENTE,0,5.95,4,oraculo_neural_v3,NORMAL,18/01/2026 21:00
1768641289,2026-01-17 05:57:20,LOTO,"[1, 13, 15, 29, 33, 35]",5375,PENDIENTE,0,19.05,5,oraculo_neural_v4,NORMAL,18/01/2026 21:00
1768651064,2026-01-17 08:41:04,LOTO4,"[12, 13, 21, 37]",11568,AUDITADO,0,0.0,8,forense_biometrico_v1,NORMAL,17/01/2026 14:00
1768643251,2026-01-17 06:29:22,LOTO3,"[0, 7, 9]",23998,AUDITADO,1,10.0,6,consenso_meritocratico_v2,ðŸ”¥ ALTA CONFIANZA,17/01/2026 14:00
1768651981,2026-01-17 08:53:32,RACHA,"[1, 2, 3, 4, 8, 12, 13, 15, 17, 19]",10301,AUDITADO,6,15.0,8,consenso_meritocratico_v2,ðŸ”¥ ALTA CONFIANZA,17/01/2026 15:00
1768651113,2026-01-17 08:41:04,LOTO,"[1, 13, 15, 29, 33, 35]",5375,PENDIENTE,0,19.05,8,oraculo_neural_v4,NORMAL,18/01/2026 21:00
1768640202,2026-01-17 05:33:22,RACHA,"[1, 4, 5, 6, 8, 11, 12, 13, 17, 18]",10301,AUDITADO,5,5.0,5,forense_biometrico_v1,NORMAL,17/01/2026 15:00
1768644297,2026-01-17 06:45:38,RACHA,"[1, 2, 3, 4, 8, 13, 15, 17, 18, 19]",10301,AUDITADO,6,15.0,6,oraculo_neural_v4,NORMAL,17/01/2026 15:00
1768631881,2026-01-17 03:38:01,LOTO,"[2, 18, 20, 21, 29, 41]",5375,PENDIENTE,0,0.0,3,forense_biometrico_v1,NORMAL,18/01/2026 21:00
1768636016,2026-01-17 04:43:34,LOTO,"[2, 13, 14, 21, 24, 31]",5375,PENDIENTE,0,0.0,4,delta_dna_v1,NORMAL,18/01/2026 21:00
1768634196,2026-01-17 03:58:57,LOTO,"[13, 27, 29, 34, 35, 39]",5375,PENDIENTE,0,30.64,3,consenso_meritocratico_v2,ðŸ”¥ ALTA CONFIANZA,18/01/2026 21:00
1768644267,2026-01-17 06:45:38,LOTO4,"[3, 5, 11, 20]",11568,AUDITADO,1,0.0,6,consenso_meritocratico_v2,ðŸ”¥ ALTA CONFIANZA,17/01/2026 14:00
1768634256,2026-01-17 03:58:57,LOTO4,"[1, 5, 9, 16]",11568,AUDITADO,2,20.0,3,oraculo_neural_v4,NORMAL,17/01/2026 14:00
1768635988,2026-01-17 04:28:29,LOTO3,"[0, 7, 9]",23998,AUDITADO,1,10.0,4,oraculo_neural_v4,NORMAL,17/01/2026 14:00
1768651861,2026-01-17 08:53:32,LOTO,"[1, 13, 15, 29, 33, 35]",5375,PENDIENTE,0,19.05,8,oraculo_neural_v4,NORMAL,18/01/2026 21:00
1768645866,2026-01-17 07:26:03,LOTO,"[8, 21, 27, 29, 37, 39]",5375,PENDIENTE,0,0.0,7,markov_chain_v1,NORMAL,18/01/2026 21:00
1768635111,2026-01-17 04:28:29,LOTO,"[5, 21, 26, 30, 31, 34]",5375,PENDIENTE,0,0.0,4,delta_dna_v1,NORMAL,18/01/2026 21:00
1768636530,2026-01-17 04:55:30,LOTO,"[3, 9, 14, 22, 23, 36]",5375,PENDIENTE,0,0.0,4,forense_biometrico_v1,NORMAL,18/01/2026 21:00
1768643838,2026-01-17 06:45:38,LOTO3,"[5, 6, 9]",23998,AUDITADO,1,33.33,6,forense_biometrico_v1,NORMAL,17/01/2026 14:00
1768635609,2026-01-17 04:28:29,LOTO3,"[5, 6, 9]",23998,AUDITADO,1,33.33,4,forense_biometrico_v1,NORMAL,17/01/2026 14:00
1768644177,2026-01-17 06:45:38,LOTO,"[2, 14, 17, 31, 33, 34]",5375,PENDIENTE,0,5.95,6,oraculo_neural_v3,NORMAL,18/01/2026 21:00
1768641279,2026-01-17 05:57:20,LOTO,"[4, 11, 13, 16, 31, 32]",5375,PENDIENTE,0,5.95,5,oraculo_neural_v3,NORMAL,18/01/2026 21:00
1768644197,2026-01-17 06:45:38,LOTO,"[8, 21, 27, 29, 33, 39]",5375,PENDIENTE,0,33.11,6,consenso_meritocratico_v2,ðŸ”¥ ALTA CONFIANZA,18/01/2026 21:00
1768636923,2026-01-17 04:43:34,LOTO4,"[9, 17, 22, 23]",11568,AUDITADO,0,0.0,4,oraculo_neural_v3,NORMAL,17/01/2026 14:00
1768650165,2026-01-17 08:41:04,LOTO,"[2, 14, 17, 26, 27, 33]",5375,PENDIENTE,0,0.0,8,gaussiano_inteligente_v1,NORMAL,18/01/2026 21:00
1768650011,2026-01-17 08:21:42,LOTO4,"[13, 14, 17, 21]",11568,AUDITADO,0,0.0,8,oraculo_neural_v3,NORMAL,17/01/2026 14:00
1768647933,2026-01-17 07:46:14,RACHA,"[1, 2, 3, 4, 8, 13, 15, 17, 18, 19]",10301,AUDITADO,6,15.0,7,oraculo_neural_v4,NORMAL,17/01/2026 15:00
1768647923,2026-01-17 07:46:14,RACHA,"[2, 3, 6, 7, 9, 10, 11, 15, 16, 20]",10301,AUDITADO,5,5.0,7,oraculo_neural_v3,NORMAL,17/01/2026 15:00
1768632581,2026-01-17 03:38:01,LOTO3,"[3, 8, 9]",23998,AUDITADO,1,33.33,3,forense_biometrico_v1,NORMAL,17/01/2026 14:00
1768633339,2026-01-17 03:58:57,LOTO,"[2, 13, 25, 34, 37, 38]",5375,PENDIENTE,0,0.0,3,delta_dna_v1,NORMAL,18/01/2026 21:00
1768639921,2026-01-17 05:33:22,LOTO4,"[1, 5, 9, 16]",11568,AUDITADO,2,20.0,5,oraculo_neural_v4,NORMAL,17/01/2026 14:00
1768651233,2026-01-17 08:41:04,RACHA,"[1, 3, 4, 8, 9, 10, 13, 17, 18, 19]",10301,AUDITADO,5,5.0,8,consenso_meritocratico_v2,ðŸ”¥ ALTA CONFIANZA,17/01/2026 15:00
1768637649,2026-01-17 04:55:30,LOTO4,"[1, 5, 9, 16]",11568,AUDITADO,2,20.0,4,oraculo_neural_v4,NORMAL,17/01/2026 14:00
1768633440,2026-01-17 03:58:57,LOTO,"[8, 21, 27, 29, 37, 39]",5375,PENDIENTE,0,0.0,3,markov_chain_v1,NORMAL,18/01/2026 21:00
1768632920,2026-01-17 03:38:01,LOTO,"[3, 14, 19, 31, 32, 38]",5375,PENDIENTE,0,5.95,3,oraculo_neural_v3,NORMAL,18/01/2026 21:00
1768641319,2026-01-17 05:57:20,LOTO3,"[0, 7, 9]",23998,AUDITADO,1,10.0,5,oraculo_neural_v4,NORMAL,17/01/2026 14:00
1768651901,2026-01-17 08:53:32,LOTO3,"[0, 7, 9]",23998,AUDITADO,1,10.0,8,consenso_meritocratico_v2,ðŸ”¥ ALTA CONFIANZA,17/01/2026 14:00
1768632184,2026-01-17 03:38:01,LOTO,"[8, 21, 27, 29, 37, 39]",5375,PENDIENTE,0,0.0,3,markov_chain_v1,NORMAL,18/01/2026 21:00
1768636058,2026-01-17 04:28:29,RACHA,"[3, 4, 7, 8, 9, 10, 14, 17, 19, 20]",10301,AUDITADO,5,5.0,4,oraculo_neural_v3,NORMAL,17/01/2026 15:00
1768651014,2026-01-17 08:53:32,LOTO,"[7, 10, 14, 20, 21, 29]",5375,PENDIENTE,0,0.0,8,delta_dna_v1,NORMAL,18/01/2026 21:00
1768638903,2026-01-17 05:33:22,LOTO,"[4, 5, 19, 27, 34, 40]",5375,PENDIENTE,0,0.0,5,gaussiano_inteligente_v1,NORMAL,18/01/2026 21:00
1768636514,2026-01-17 04:43:34,LOTO3,"[1, 4, 5]",23998,AUDITADO,0,0.0,4,forense_biometrico_v1,NORMAL,17/01/2026 14:00
1768636068,2026-01-17 04:28:29,RACHA,"[1, 2, 3, 4, 8, 13, 15, 17, 18, 19]",10301,AUDITADO,6,15.0,4,oraculo_neural_v4,NORMAL,17/01/2026 15:00
1768634296,2026-01-17 03:58:57,RACHA,"[1, 2, 3, 4, 8, 13, 15, 17, 18, 19]",10301,AUDITADO,6,15.0,3,oraculo_neural_v4,NORMAL,17/01/2026 15:00
1768646976,2026-01-17 07:46:14,LOTO,"[10, 13, 19, 26, 28, 29]",5375,PENDIENTE,0,0.0,7,delta_dna_v1,NORMAL,18/01/2026 21:00
1768647823,2026-01-17 07:46:14,LOTO,"[1, 13, 15, 29, 33, 35]",5375,PENDIENTE,0,19.05,7,oraculo_neural_v4,NORMAL,18/01/2026 21:00
1768637230,2026-01-17 04:55:30,LOTO3,"[5, 6, 9]",23998,AUDITADO,1,33.33,4,forense_biometrico_v1,NORMAL,17/01/2026 14:00
1768639802,2026-01-17 05:33:22,LOTO4,"[7, 8, 17, 21]",11568,AUDITADO,0,0.0,5,forense_biometrico_v1,NORMAL,17/01/2026 14:00
1768639861,2026-01-17 05:33:22,LOTO,"[8, 15, 21, 29, 33, 39]",5375,PENDIENTE,0,35.47,5,consenso_meritocratico_v2,ðŸ”¥ ALTA CONFIANZA,18/01/2026 21:00
1768649602,2026-01-17 08:21:42,LOTO3,"[1, 5, 6]",23998,AUDITADO,1,10.0,8,forense_biometrico_v1,NORMAL,17/01/2026 14:00
1768645664,2026-01-17 07:26:03,LOTO,"[7, 10, 17, 34, 37, 38]",5375,PENDIENTE,0,0.0,7,gaussiano_inteligente_v1,NORMAL,18/01/2026 21:00
1768636078,2026-01-17 04:28:29,RACHA,"[3, 4, 7, 8, 10, 14, 15, 17, 19, 20]",10301,AUDITADO,5,5.0,4,consenso_meritocratico_v2,ðŸ”¥ ALTA CONFIANZA,17/01/2026 15:00
1768641240,2026-01-17 05:57:20,LOTO4,"[1, 18, 19, 23]",11568,AUDITADO,1,0.0,5,forense_biometrico_v1,NORMAL,17/01/2026 14:00
1768643211,2026-01-17 06:29:22,LOTO,"[1, 13, 15, 29, 33, 35]",5375,PENDIENTE,0,19.05,6,oraculo_neural_v4,NORMAL,18/01/2026 21:00
1768642465,2026-01-17 06:29:22,LOTO,"[8, 21, 27, 29, 37, 39]",5375,PENDIENTE,0,0.0,6,markov_chain_v1,NORMAL,18/01/2026 21:00
1768636018,2026-01-17 04:28:29,LOTO4,"[1, 10, 11, 13]",11568,AUDITADO,2,20.0,4,oraculo_neural_v3,NORMAL,17/01/2026 14:00
1768646732,2026-01-17 07:26:03,RACHA,"[1, 2, 5, 8, 9, 10, 13, 15, 17, 18]",10301,AUDITADO,4,15.0,7,consenso_meritocratico_v2,ðŸ”¥ ALTA CONFIANZA,17/01/2026 15:00
1768651891,2026-01-17 08:53:32,LOTO3,"[0, 7, 9]",23998,AUDITADO,1,10.0,8,oraculo_neural_v4,NORMAL,17/01/2026 14:00
1768641329,2026-01-17 05:57:20,LOTO3,"[0, 7, 9]",23998,AUDITADO,1,10.0,5,consenso_meritocratico_v2,ðŸ”¥ ALTA CONFIANZA,17/01/2026 14:00
1768649951,2026-01-17 08:21:42,LOTO,"[1, 13, 15, 29, 33, 35]",5375,PENDIENTE,0,19.05,8,oraculo_neural_v4,NORMAL,18/01/2026 21:00
1768639931,2026-01-17 05:33:22,LOTO4,"[3, 10, 11, 21]",11568,AUDITADO,1,0.0,5,consenso_meritocratico_v2,ðŸ”¥ ALTA CONFIANZA,17/01/2026 14:00
1768644257,2026-01-17 06:45:38,LOTO4,"[1, 5, 9, 16]",11568,AUDITADO,2,20.0,6,oraculo_neural_v4,NORMAL,17/01/2026 14:00
1768632960,2026-01-17 03:38:01,LOTO3,"[0, 7, 9]",23998,AUDITADO,1,10.0,3,oraculo_neural_v4,NORMAL,17/01/2026 14:00
1768643138,2026-01-17 06:45:38,LOTO,"[6, 8, 23, 24, 37, 39]",5375,PENDIENTE,0,0.0,6,forense_biometrico_v1,NORMAL,18/01/2026 21:00
1768651812,2026-01-17 08:53:32,LOTO4,"[9, 16, 17, 23]",11568,AUDITADO,1,0.0,8,forense_biometrico_v1,NORMAL,17/01/2026 14:00
1768637214,2026-01-17 04:43:34,RACHA,"[3, 4, 5, 8, 11, 12, 15, 18, 19, 20]",10301,AUDITADO,5,5.0,4,forense_biometrico_v1,NORMAL,17/01/2026 15:00
1768636933,2026-01-17 04:43:34,LOTO4,"[1, 5, 9, 16]",11568,AUDITADO,2,20.0,4,oraculo_neural_v4,NORMAL,17/01/2026 14:00
1768639502,2026-01-17 05:33:22,LOTO3,"[2, 8, 9]",23998,AUDITADO,0,0.0,5,forense_biometrico_v1,NORMAL,17/01/2026 14:00
1768644538,2026-01-17 06:45:38,RACHA,"[2, 7, 8, 9, 10, 11, 13, 15, 16, 18]",10301,AUDITADO,4,15.0,6,forense_biometrico_v1,NORMAL,17/01/2026 15:00
1768635915,2026-01-17 04:43:34,LOTO,"[9, 10, 19, 26, 28, 41]",5375,PENDIENTE,0,0.0,4,gaussiano_inteligente_v1,NORMAL,18/01/2026 21:00
1768634286,2026-01-17 03:58:57,RACHA,"[3, 4, 5, 7, 8, 10, 11, 12, 17, 20]",10301,AUDITADO,4,15.0,3,oraculo_neural_v3,NORMAL,17/01/2026 15:00
1768635212,2026-01-17 04:28:29,LOTO,"[8, 21, 27, 29, 37, 39]",5375,PENDIENTE,0,0.0,4,markov_chain_v1,NORMAL,18/01/2026 21:00
1768643562,2026-01-17 06:29:22,RACHA,"[1, 3, 4, 10, 11, 12, 13, 16, 17, 20]",10301,AUDITADO,5,5.0,6,forense_biometrico_v1,NORMAL,17/01/2026 15:00
1768637699,2026-01-17 04:55:30,RACHA,"[2, 3, 4, 8, 9, 13, 15, 17, 18, 19]",10301,AUDITADO,5,5.0,4,consenso_meritocratico_v2,ðŸ”¥ ALTA CONFIANZA,17/01/2026 15:00
1768643291,2026-01-17 06:29:22,LOTO4,"[8, 15, 16, 17]",11568,AUDITADO,1,0.0,6,consenso_meritocratico_v2,ðŸ”¥ ALTA CONFIANZA,17/01/2026 14:00
1768641299,2026-01-17 05:57:20,LOTO,"[8, 13, 21, 27, 29, 33]",5375,PENDIENTE,0,35.42,5,consenso_meritocratico_v2,ðŸ”¥ ALTA CONFIANZA,18/01/2026 21:00
1768643241,2026-01-17 06:29:22,LOTO3,"[0, 7, 9]",23998,AUDITADO,1,10.0,6,oraculo_neural_v4,NORMAL,17/01/2026 14:00
1768646875,2026-01-17 07:46:14,LOTO,"[2, 17, 20, 35, 36, 41]",5375,PENDIENTE,0,0.0,7,gaussiano_inteligente_v1,NORMAL,18/01/2026 21:00
1768651143,2026-01-17 08:41:04,LOTO3,"[0, 7, 9]",23998,AUDITADO,1,10.0,8,oraculo_neural_v4,NORMAL,17/01/2026 14:00
1768651971,2026-01-17 08:53:32,RACHA,"[1, 2, 3, 4, 8, 13, 15, 17, 18, 19]",10301,AUDITADO,6,15.0,8,oraculo_neural_v4,NORMAL,17/01/2026 15:00
1768649961,2026-01-17 08:21:42,LOTO,"[10, 15, 21, 29, 31, 37]",5375,PENDIENTE,0,30.09,8,consenso_meritocratico_v2,ðŸ”¥ ALTA CONFIANZA,18/01/2026 21:00
1768643340,2026-01-17 06:45:38,LOTO,"[16, 19, 23, 24, 38, 41]",5375,PENDIENTE,0,0.0,6,delta_dna_v1,NORMAL,18/01/2026 21:00
1768639841,2026-01-17 05:33:22,LOTO,"[4, 12, 22, 23, 29, 41]",5375,PENDIENTE,0,5.95,5,oraculo_neural_v3,NORMAL,18/01/2026 21:00
1768641359,2026-01-17 05:57:20,LOTO4,"[1, 5, 9, 16]",11568,AUDITADO,2,20.0,5,oraculo_neural_v4,NORMAL,17/01/2026 14:00
1768647883,2026-01-17 07:46:14,LOTO4,"[7, 15, 16, 23]",11568,AUDITADO,1,0.0,7,oraculo_neural_v3,NORMAL,17/01/2026 14:00
1768650812,2026-01-17 08:53:32,LOTO,"[5, 10, 19, 20, 29, 34]",5375,PENDIENTE,0,0.0,8,forense_biometrico_v1,NORMAL,18/01/2026 21:00
1768637619,2026-01-17 04:55:30,LOTO3,"[0, 7, 9]",23998,AUDITADO,1,10.0,4,consenso_meritocratico_v2,ðŸ”¥ ALTA CONFIANZA,17/01/2026 14:00
1768636117,2026-01-17 04:43:34,LOTO,"[8, 21, 27, 29, 37, 39]",5375,PENDIENTE,0,0.0,4,markov_chain_v1,NORMAL,18/01/2026 21:00
1768651173,2026-01-17 08:41:04,LOTO4,"[5, 6, 11, 15]",11568,AUDITADO,2,20.0,8,oraculo_neural_v3,NORMAL,17/01/2026 14:00
1768643162,2026-01-17 06:29:22,LOTO4,"[3, 11, 12, 15]",11568,AUDITADO,1,0.0,6,forense_biometrico_v1,NORMAL,17/01/2026 14:00
1768651851,2026-01-17 08:53:32,LOTO,"[16, 17, 19, 29, 32, 38]",5375,PENDIENTE,0,5.95,8,oraculo_neural_v3,NORMAL,18/01/2026 21:00
1768634186,2026-01-17 03:58:57,LOTO,"[1, 13, 15, 29, 33, 35]",5375,PENDIENTE,0,19.05,3,oraculo_neural_v4,NORMAL,18/01/2026 21:00
1768647474,2026-01-17 07:46:14,LOTO3,"[1, 5, 6]",23998,AUDITADO,1,10.0,7,forense_biometrico_v1,NORMAL,17/01/2026 14:00
1768635010,2026-01-17 04:28:29,LOTO,"[6, 8, 11, 28, 29, 37]",5375,PENDIENTE,0,0.0,4,gaussiano_inteligente_v1,NORMAL,18/01/2026 21:00
1768647774,2026-01-17 07:46:14,LOTO4,"[9, 16, 17, 23]",11568,AUDITADO,1,0.0,7,forense_biometrico_v1,NORMAL,17/01/2026 14:00
1768642263,2026-01-17 06:29:22,LOTO,"[3, 7, 10, 18, 36, 37]",5375,PENDIENTE,0,0.0,6,gaussiano_inteligente_v1,NORMAL,18/01/2026 21:00
1768637589,2026-01-17 04:55:30,LOTO,"[3, 8, 15, 17, 21, 29]",5375,PENDIENTE,0,32.34,4,consenso_meritocratico_v2,ðŸ”¥ ALTA CONFIANZA,18/01/2026 21:00
1768651193,2026-01-17 08:41:04,LOTO4,"[5, 11, 15, 16]",11568,AUDITADO,2,20.0,8,consenso_meritocratico_v2,ðŸ”¥ ALTA CONFIANZA,17/01/2026 14:00
1768651921,2026-01-17 08:53:32,LOTO4,"[6, 7, 11, 21]",11568,AUDITADO,2,20.0,8,oraculo_neural_v3,NORMAL,17/01/2026 14:00
1768643331,2026-01-17 06:29:22,RACHA,"[1, 3, 4, 5, 7, 8, 12, 15, 16, 19]",10301,AUDITADO,4,15.0,6,consenso_meritocratico_v2,ðŸ”¥ ALTA CONFIANZA,17/01/2026 15:00
1768651123,2026-01-17 08:41:04,LOTO,"[6, 7, 21, 27, 29, 35]",5375,PENDIENTE,0,33.52,8,consenso_meritocratico_v2,ðŸ”¥ ALTA CONFIANZA,18/01/2026 21:00
1768636853,2026-01-17 04:43:34,LOTO,"[3, 23, 28, 30, 31, 38]",5375,PENDIENTE,0,5.95,4,oraculo_neural_v3,NORMAL,18/01/2026 21:00
1768646622,2026-01-17 07:26:03,LOTO,"[8, 21, 22, 27, 29, 39]",5375,PENDIENTE,0,32.36,7,consenso_meritocratico_v2,ðŸ”¥ ALTA CONFIANZA,18/01/2026 21:00
1768650051,2026-01-17 08:21:42,RACHA,"[2, 6, 9, 10, 11, 12, 13, 15, 16, 19]",10301,AUDITADO,5,5.0,8,oraculo_neural_v3,NORMAL,17/01/2026 15:00
1768645765,2026-01-17 07:26:03,LOTO,"[5, 16, 17, 21, 27, 32]",5375,PENDIENTE,0,0.0,7,delta_dna_v1,NORMAL,18/01/2026 21:00
1768635909,2026-01-17 04:28:29,LOTO4,"[1, 2, 15, 23]",11568,AUDITADO,1,0.0,4,forense_biometrico_v1,NORMAL,17/01/2026 14:00
1768645563,2026-01-17 07:26:03,LOTO,"[1, 7, 12, 30, 31, 40]",5375,PENDIENTE,0,0.0,7,forense_biometrico_v1,NORMAL,18/01/2026 21:00
1768647853,2026-01-17 07:46:14,LOTO3,"[0, 7, 9]",23998,AUDITADO,1,10.0,7,oraculo_neural_v4,NORMAL,17/01/2026 14:00
1768632930,2026-01-17 03:38:01,LOTO,"[1, 13, 15, 29, 33, 35]",5375,PENDIENTE,0,19.05,3,oraculo_neural_v4,NORMAL,18/01/2026 21:00
1768636732,2026-01-17 04:55:30,LOTO,"[2, 4, 25, 29, 31, 32]",5375,PENDIENTE,0,0.0,4,delta_dna_v1,NORMAL,18/01/2026 21:00
1768649991,2026-01-17 08:21:42,LOTO3,"[0, 7, 9]",23998,AUDITADO,1,10.0,8,consenso_meritocratico_v2,ðŸ”¥ ALTA CONFIANZA,17/01/2026 14:00
1768650064,2026-01-17 08:41:04,LOTO,"[2, 10, 15, 27, 37, 38]",5375,PENDIENTE,0,0.0,8,forense_biometrico_v1,NORMAL,18/01/2026 21:00
1768649902,2026-01-17 08:21:42,LOTO4,"[8, 9, 11, 23]",11568,AUDITADO,1,0.0,8,forense_biometrico_v1,NORMAL,17/01/2026 14:00
1768633281,2026-01-17 03:38:01,RACHA,"[4, 5, 6, 8, 9, 10, 13, 17, 19, 20]",10301,AUDITADO,5,5.0,3,forense_biometrico_v1,NORMAL,17/01/2026 15:00
1768651183,2026-01-17 08:41:04,LOTO4,"[1, 5, 9, 16]",11568,AUDITADO,2,20.0,8,oraculo_neural_v4,NORMAL,17/01/2026 14:00
1768650266,2026-01-17 08:41:04,LOTO,"[5, 11, 16, 21, 28, 29]",5375,PENDIENTE,0,0.0,8,delta_dna_v1,NORMAL,18/01/2026 21:00
1768642162,2026-01-17 06:29:22,LOTO,"[2, 13, 14, 20, 27, 31]",5375,PENDIENTE,0,0.0,6,forense_biometrico_v1,NORMAL,18/01/2026 21:00
1768636873,2026-01-17 04:43:34,LOTO,"[8, 10, 24, 30, 35, 39]",5375,PENDIENTE,0,31.91,4,consenso_meritocratico_v2,ðŸ”¥ ALTA CONFIANZA,18/01/2026 21:00
1768649104,2026-01-17 08:21:42,LOTO,"[5, 8, 16, 21, 22, 29]",5375,PENDIENTE,0,0.0,8,delta_dna_v1,NORMAL,18/01/2026 21:00
1768640442,2026-01-17 05:57:20,LOTO,"[3, 10, 11, 26, 28, 31]",5375,PENDIENTE,0,0.0,5,delta_dna_v1,NORMAL,18/01/2026 21:00
1768636983,2026-01-17 04:43:34,RACHA,"[1, 2, 3, 4, 8, 13, 14, 17, 19, 20]",10301,AUDITADO,8,60.0,4,consenso_meritocratico_v2,ðŸ”¥ ALTA CONFIANZA,17/01/2026 15:00
1768640940,2026-01-17 05:57:20,LOTO3,"[4, 5, 9]",23998,AUDITADO,0,0.0,5,forense_biometrico_v1,NORMAL,17/01/2026 14:00
1768639891,2026-01-17 05:33:22,LOTO3,"[0, 7, 9]",23998,AUDITADO,1,10.0,5,consenso_meritocratico_v2,ðŸ”¥ ALTA CONFIANZA,17/01/2026 14:00
1768651464,2026-01-17 08:41:04,RACHA,"[4, 5, 7, 9, 10, 11, 12, 16, 19, 20]",10301,AUDITADO,3,40.0,8,forense_biometrico_v1,NORMAL,17/01/2026 15:00
1768637639,2026-01-17 04:55:30,LOTO4,"[3, 7, 20, 21]",11568,AUDITADO,0,0.0,4,oraculo_neural_v3,NORMAL,17/01/2026 14:00
1768637679,2026-01-17 04:55:30,RACHA,"[2, 3, 5, 6, 8, 9, 14, 15, 18, 19]",10301,AUDITADO,6,15.0,4,oraculo_neural_v3,NORMAL,17/01/2026 15:00
1768634137,2026-01-17 03:58:57,LOTO4,"[3, 7, 15, 16]",11568,AUDITADO,1,0.0,3,forense_biometrico_v1,NORMAL,17/01/2026 14:00
1768635948,2026-01-17 04:28:29,LOTO,"[7, 18, 22, 23, 29, 38]",5375,PENDIENTE,0,5.95,4,oraculo_neural_v3,NORMAL,18/01/2026 21:00
1768635958,2026-01-17 04:28:29,LOTO,"[1, 13, 15, 29, 33, 35]",5375,PENDIENTE,0,19.05,4,oraculo_neural_v4,NORMAL,18/01/2026 21:00
1768647903,2026-01-17 07:46:14,LOTO4,"[5, 7, 16, 23]",11568,AUDITADO,1,0.0,7,consenso_meritocratico_v2,ðŸ”¥ ALTA CONFIANZA,17/01/2026 14:00
1768636893,2026-01-17 04:43:34,LOTO3,"[0, 7, 9]",23998,AUDITADO,1,10.0,4,oraculo_neural_v4,NORMAL,17/01/2026 14:00
1768651871,2026-01-17 08:53:32,LOTO,"[15, 16, 19, 29, 34, 35]",5375,PENDIENTE,0,33.24,8,consenso_meritocratico_v2,ðŸ”¥ ALTA CONFIANZA,18/01/2026 21:00
1768633030,2026-01-17 03:38:01,RACHA,"[1, 2, 5, 7, 8, 13, 14, 15, 16, 18]",10301,AUDITADO,5,5.0,3,oraculo_neural_v3,NORMAL,17/01/2026 15:00
1768643441,2026-01-17 06:45:38,LOTO,"[8, 21, 27, 29, 37, 39]",5375,PENDIENTE,0,0.0,6,markov_chain_v1,NORMAL,18/01/2026 21:00
1768633000,2026-01-17 03:38:01,LOTO4,"[1, 5, 9, 16]",11568,AUDITADO,2,20.0,3,oraculo_neural_v4,NORMAL,17/01/2026 14:00
1768639961,2026-01-17 05:33:22,RACHA,"[1, 2, 3, 4, 8, 13, 15, 17, 18, 19]",10301,AUDITADO,6,15.0,5,oraculo_neural_v4,NORMAL,17/01/2026 15:00
1768637689,2026-01-17 04:55:30,RACHA,"[1, 2, 3, 4, 8, 13, 15, 17, 18, 19]",10301,AUDITADO,6,15.0,4,oraculo_neural_v4,NORMAL,17/01/2026 15:00
1768651115,2026-01-17 08:53:32,LOTO,"[8, 21, 27, 29, 37, 39]",5375,PENDIENTE,0,0.0,8,markov_chain_v1,NORMAL,18/01/2026 21:00
1768639971,2026-01-17 05:33:22,RACHA,"[1, 2, 3, 4, 8, 12, 13, 14, 16, 19]",10301,AUDITADO,7,40.0,5,consenso_meritocratico_v2,ðŸ”¥ ALTA CONFIANZA,17/01/2026 15:00
1768646712,2026-01-17 07:26:03,RACHA,"[2, 5, 8, 9, 10, 13, 15, 16, 17, 18]",10301,AUDITADO,3,40.0,7,oraculo_neural_v3,NORMAL,17/01/2026 15:00
1768646652,2026-01-17 07:26:03,LOTO3,"[0, 7, 9]",23998,AUDITADO,1,10.0,7,consenso_meritocratico_v2,ðŸ”¥ ALTA CONFIANZA,17/01/2026 14:00
1768650302,2026-01-17 08:21:42,RACHA,"[2, 3, 7, 8, 9, 12, 13, 15, 16, 19]",10301,AUDITADO,5,5.0,8,forense_biometrico_v1,NORMAL,17/01/2026 15:00
1768639105,2026-01-17 05:33:22,LOTO,"[8, 21, 27, 29, 37, 39]",5375,PENDIENTE,0,0.0,5,markov_chain_v1,NORMAL,18/01/2026 21:00
1768639851,2026-01-17 05:33:22,LOTO,"[1, 13, 15, 29, 33, 35]",5375,PENDIENTE,0,19.05,5,oraculo_neural_v4,NORMAL,18/01/2026 21:00
1768650913,2026-01-17 08:53:32,LOTO,"[2, 7, 18, 27, 31, 32]",5375,PENDIENTE,0,0.0,8,gaussiano_inteligente_v1,NORMAL,18/01/2026 21:00
1768650021,2026-01-17 08:21:42,LOTO4,"[1, 5, 9, 16]",11568,AUDITADO,2,20.0,8,oraculo_neural_v4,NORMAL,17/01/2026 14:00
1768648174,2026-01-17 07:46:14,RACHA,"[3, 4, 7, 8, 9, 11, 12, 16, 17, 20]",10301,AUDITADO,4,15.0,7,forense_biometrico_v1,NORMAL,17/01/2026 15:00
1768639951,2026-01-17 05:33:22,RACHA,"[1, 2, 3, 8, 9, 12, 13, 14, 16, 19]",10301,AUDITADO,7,40.0,5,oraculo_neural_v3,NORMAL,17/01/2026 15:00
1768643321,2026-01-17 06:29:22,RACHA,"[1, 2, 3, 4, 8, 13, 15, 17, 18, 19]",10301,AUDITADO,6,15.0,6,oraculo_neural_v4,NORMAL,17/01/2026 15:00
1768651103,2026-01-17 08:41:04,LOTO,"[6, 7, 19, 22, 29, 36]",5375,PENDIENTE,0,5.95,8,oraculo_neural_v3,NORMAL,18/01/2026 21:00
1768649205,2026-01-17 08:21:42,LOTO,"[8, 21, 27, 29, 37, 39]",5375,PENDIENTE,0,0.0,8,markov_chain_v1,NORMAL,18/01/2026 21:00
1768636833,2026-01-17 04:55:30,LOTO,"[8, 21, 27, 29, 37, 39]",5375,PENDIENTE,0,0.0,4,markov_chain_v1,NORMAL,18/01/2026 21:00
1768634216,2026-01-17 03:58:57,LOTO3,"[0, 7, 9]",23998,AUDITADO,1,10.0,3,oraculo_neural_v4,NORMAL,17/01/2026 14:00
